instance_id,f0,f1,f2,f3,f4,f5,f6,f7,f8,f9,f10,f11,f12,f13,f14,f15,f16,f17,f18,f19,f20,f21,f22,f23,f24,f25,f26,f27,f28,f29,f30,f31,f32,f33,f34,f35,f36,f37,f38,f39,f40,f41,f42,f43,f44,f45,f46,f47,f48,f49,f50,f51,f52,f53,f54,f55,f56,f57,f58,f59,f60,f61,f62,label,dist_to_class_mean,mirror_aligned
C/C_sample_338.jpg,0.7132493257522583,0.6339226365089417,8.54427071317332e-08,0.65633624792099,0.6552247405052185,-0.1395636349916458,0.556469738483429,0.6368052959442139,-0.2035511285066604,0.4550732970237732,0.6208982467651367,-0.2401124089956283,0.370877742767334,0.5788562893867493,-0.2685153484344482,0.612820565700531,0.4288241267204284,-0.1432240903377533,0.5034772753715515,0.3382429182529449,-0.199117362499237,0.4160840511322021,0.3369215726852417,-0.2452874183654785,0.3497610688209533,0.364770233631134,-0.2690229713916778,0.5953987836837769,0.4241470992565155,-0.0790454447269439,0.4930351376533508,0.3367176353931427,-0.1267436742782592,0.4019144773483276,0.3360823392868042,-0.1668675690889358,0.338566780090332,0.3721974492073059,-0.1902429759502411,0.5734429359436035,0.4337301254272461,-0.0245842188596725,0.486237496137619,0.3557832837104797,-0.062256995588541,0.4095011353492737,0.353071928024292,-0.1007522344589233,0.352727472782135,0.3763645887374878,-0.1220889538526535,0.5530605912208557,0.4464789927005768,0.0208141393959522,0.480979859828949,0.3880581259727478,-0.0081356195732951,0.4219483137130737,0.3778876662254333,-0.0341167859733104,0.3793650865554809,0.3876326382160187,-0.0495031401515007,C,1.4240838304317234,True
C/C_sample_92.jpg,0.6110085844993591,0.7897269129753113,4.964567779097706e-07,0.517170250415802,0.8156709671020508,-0.2653482258319855,0.405267059803009,0.7577285170555115,-0.4113892614841461,0.2678708136081695,0.6818673610687256,-0.5041640996932983,0.1335989832878112,0.6020290851593018,-0.5910515785217285,0.689780592918396,0.4890046715736389,-0.3967284858226776,0.6248227953910828,0.2518215775489807,-0.5325675010681152,0.4992115795612335,0.1615992039442062,-0.6218574047088623,0.3655503988265991,0.1324439197778701,-0.6689154505729675,0.6633553504943848,0.4477781355381012,-0.2863616645336151,0.5870990753173828,0.2259012013673782,-0.4038928151130676,0.4360182285308838,0.1512500643730163,-0.4695806801319122,0.3065129816532135,0.1581789404153823,-0.5089849233627319,0.6198464632034302,0.4335579872131347,-0.1855544149875641,0.544090211391449,0.2304650992155075,-0.2833502888679504,0.416199117898941,0.1682986170053482,-0.3439697325229645,0.30449178814888,0.1622194647789001,-0.3751075863838196,0.5667098164558411,0.4256122410297394,-0.0992551147937774,0.5016358494758606,0.2644436061382293,-0.175955057144165,0.4102460145950317,0.1870143711566925,-0.2217607349157333,0.3343710005283355,0.1576228588819503,-0.2466026395559311,C,1.7664909713583727,True
C/C_sample_265.jpg,0.774110734462738,0.8357505798339844,-5.054939151705184e-07,0.6723562479019165,0.8437134027481079,-0.225109651684761,0.5308914184570312,0.7754918336868286,-0.3226553201675415,0.3751800060272217,0.7173863649368286,-0.3674681782722473,0.2337009310722351,0.668800950050354,-0.401056170463562,0.6927449703216553,0.5212041139602661,-0.2614033222198486,0.4791625142097473,0.402817815542221,-0.3179296851158142,0.3407501578330993,0.409796804189682,-0.3610015213489532,0.2323348820209503,0.427365630865097,-0.3880815505981445,0.6860719919204712,0.501499593257904,-0.1467368751764297,0.4807447791099548,0.3748092949390411,-0.2021374404430389,0.3434503078460693,0.3800333738327026,-0.2485001385211944,0.2399856150150299,0.4178279042243957,-0.2833809852600097,0.6558848023414612,0.5098334550857544,-0.0407310426235199,0.4915542006492615,0.4063457250595093,-0.0818002000451088,0.3791515529155731,0.4065749943256378,-0.1298514008522033,0.2876381576061249,0.4299958944320678,-0.1647628843784332,0.61782306432724,0.5232524871826172,0.0509490147233009,0.4917119741439819,0.4660356342792511,0.0090060420334339,0.4072816073894501,0.462463229894638,-0.0346791967749595,0.3376156985759735,0.4670435786247253,-0.0661751180887222,C,1.3154107378150972,True
C/C_sample_488.jpg,0.6113989353179932,0.6118021011352539,1.0088224371429533e-06,0.5178630948066711,0.6502372026443481,-0.1581203788518905,0.4115449786186218,0.6376907825469971,-0.2475184053182602,0.3038653135299682,0.6297395825386047,-0.303285539150238,0.2081650793552398,0.6188687086105347,-0.3541786670684814,0.5220785140991211,0.405914306640625,-0.2354873865842819,0.4366694390773773,0.2409210950136184,-0.2936605811119079,0.3409322500228882,0.1676854789257049,-0.3211885392665863,0.2623394131660461,0.1353772431612014,-0.3326520025730133,0.5515943169593811,0.3676253855228424,-0.1631472557783126,0.4454308748245239,0.2049393355846405,-0.219925045967102,0.3422643840312958,0.1436061859130859,-0.2368101924657821,0.263138473033905,0.118066132068634,-0.2424854189157486,0.556985080242157,0.3500416576862335,-0.0942814350128173,0.4582865834236145,0.2114009857177734,-0.1299579590559005,0.3691830635070801,0.1545372307300567,-0.1435170620679855,0.2974547743797302,0.1286829262971878,-0.1484836637973785,0.5367639660835266,0.3460974097251892,-0.0357533730566501,0.4657000601291656,0.2449563145637512,-0.0613157860934734,0.403252899646759,0.1926751434803009,-0.0740975588560104,0.3494705557823181,0.1612084805965423,-0.0789618864655494,C,1.2190029221956344,True
C/C_sample_94.jpg,0.8532428741455078,0.6099165678024292,8.950614187597239e-07,0.7118494510650635,0.708848237991333,-0.2247915118932724,0.5561372637748718,0.7249221801757812,-0.3415119349956512,0.4156851768493652,0.7305535674095154,-0.3910732865333557,0.2754952907562256,0.6998155117034912,-0.4239532351493835,0.6453053951263428,0.4195668995380401,-0.4336737394332886,0.4835571646690368,0.2932838797569275,-0.5111450552940369,0.3449716567993164,0.2672481536865234,-0.5122028589248657,0.2507926821708679,0.2893382012844085,-0.4922334849834442,0.6618548631668091,0.3463201522827148,-0.2991088330745697,0.4798913300037384,0.1993055194616317,-0.382134348154068,0.3337973952293396,0.2095657736063003,-0.3669081330299377,0.2525851428508758,0.2684146165847778,-0.3395724594593048,0.6561998128890991,0.3140126764774322,-0.1588857024908065,0.4956897497177124,0.1962658315896988,-0.2277902513742447,0.3689668774604797,0.2048361152410507,-0.2305399030447006,0.2885089814662933,0.2495319545269012,-0.2137793451547622,0.6371997594833374,0.3106726408004761,-0.0252656862139701,0.517711341381073,0.2204989641904831,-0.0704198032617569,0.4231090545654297,0.2089940309524536,-0.0833079293370246,0.353450059890747,0.2315142452716827,-0.0805248692631721,C,1.9108426971221302,True
C/C_sample_57.jpg,0.6625179648399353,0.6082274913787842,-1.5614666892815876e-07,0.583126425743103,0.6181091666221619,-0.1025625541806221,0.4843584895133972,0.5926113724708557,-0.1500097215175628,0.3895025253295898,0.5690044164657593,-0.1759964674711227,0.3181386590003967,0.5305206775665283,-0.1929825544357299,0.5586153864860535,0.412651389837265,-0.1103447675704956,0.4600667655467987,0.3158072233200073,-0.1540871858596801,0.3773064315319061,0.3124241232872009,-0.183542788028717,0.3188767433166504,0.3410210609436035,-0.193767711520195,0.5656189918518066,0.3933998048305511,-0.0581339262425899,0.4571277201175689,0.3109555542469024,-0.0888598263263702,0.3746582269668579,0.3148421049118042,-0.102447971701622,0.3203081786632538,0.3506892323493957,-0.1065009236335754,0.5594870448112488,0.3925611972808838,-0.0135139627382159,0.4595175087451935,0.3256019651889801,-0.0380228050053119,0.3877448439598083,0.3303821384906769,-0.0510154925286769,0.3341408967971802,0.3561603426933288,-0.0537852719426155,0.5462148189544678,0.3975217938423157,0.0244383197277784,0.4643724262714386,0.3455672264099121,0.0072099124081432,0.4073024392127991,0.3437225222587585,-0.001925214077346,0.3646428883075714,0.3591139316558838,-0.0033277322072535,C,1.1647862680773857,True
C/C_sample_43.jpg,0.6879984736442566,0.7714849710464478,5.103425451125077e-07,0.5460922718048096,0.8253901600837708,-0.1462982892990112,0.3670650720596313,0.7616226077079773,-0.2053409963846206,0.2356252074241638,0.6781162023544312,-0.218097984790802,0.1608002334833145,0.5899755954742432,-0.2230819016695022,0.55506432056427,0.5596467852592468,-0.2863073050975799,0.4065189957618713,0.4114840626716614,-0.3332904875278473,0.2876795828342438,0.3799811899662018,-0.3339777290821075,0.1899380087852478,0.3847116827964782,-0.3260250985622406,0.5849214196205139,0.4998675584793091,-0.2032666504383087,0.405060201883316,0.3649158775806427,-0.2545825242996216,0.2653589248657226,0.3596418797969818,-0.2457459717988968,0.1715583950281143,0.3941341042518616,-0.2320886403322219,0.5819758176803589,0.4737619161605835,-0.115731693804264,0.4120071828365326,0.370970606803894,-0.1535737216472625,0.2882578074932098,0.3729241192340851,-0.1504157334566116,0.2105483710765838,0.398468017578125,-0.1371839195489883,0.5524517297744751,0.4666902422904968,-0.0341519750654697,0.4187571108341217,0.3971018493175506,-0.055285096168518,0.3163435459136963,0.3935887813568115,-0.0577682442963123,0.2530823051929474,0.4064652323722839,-0.0532096214592456,C,1.3005828583987333,True
C/C_sample_504.jpg,0.7539914846420288,0.8696095943450928,-4.674032538787287e-07,0.6494035720825195,0.8456125855445862,-0.1742302924394607,0.5208632349967957,0.7662703394889832,-0.2393485903739929,0.3782564401626587,0.7067291736602783,-0.2625841796398163,0.2581158876419067,0.6759341955184937,-0.2749137580394745,0.6662443280220032,0.5353805422782898,-0.1748704463243484,0.4761987328529358,0.429851084947586,-0.2091866731643676,0.3568479418754577,0.4277189671993255,-0.2404145449399948,0.2619703412055969,0.4349890351295471,-0.2599358558654785,0.6600201725959778,0.5241519212722778,-0.0815025642514228,0.4780965149402618,0.4198162853717804,-0.1124949380755424,0.3589325547218323,0.4175223112106323,-0.1449523866176605,0.2640616595745086,0.4443667232990265,-0.1698110699653625,0.6365932822227478,0.541564404964447,0.0035475885961204,0.4903070628643036,0.455599695444107,-0.0185921229422092,0.3899067640304565,0.4512965381145477,-0.053873211145401,0.3051447868347168,0.4683093428611755,-0.0792831629514694,0.6076361536979675,0.5667517185211182,0.0767967104911804,0.4976286292076111,0.5123454332351685,0.0540711544454097,0.4228686094284057,0.5035742521286011,0.0247585047036409,0.3589266240596771,0.5100201368331909,0.0042288159020245,C,1.0500708538214247,True
C/C_sample_289.jpg,0.8378235697746277,0.6021411418914795,1.0845687938854098e-06,0.6930713653564453,0.6898938417434692,-0.2188607901334762,0.5343474745750427,0.7134245038032532,-0.3197507560253143,0.3925899565219879,0.72588050365448,-0.3534286916255951,0.2547262609004974,0.7004494071006775,-0.3662923276424408,0.6075247526168823,0.3955711424350738,-0.3815864324569702,0.4420097768306732,0.2558882236480713,-0.4363253712654114,0.3031157851219177,0.2478329092264175,-0.4215859174728393,0.2170972526073455,0.2838245332241058,-0.3897661864757538,0.6245071291923523,0.3327602744102478,-0.237915888428688,0.445169985294342,0.186251163482666,-0.2881125211715698,0.3034039735794067,0.2060869336128235,-0.2544796764850616,0.229038655757904,0.2660627961158752,-0.215137094259262,0.6231634020805359,0.3089027404785156,-0.091608703136444,0.4688994586467743,0.1961199343204498,-0.1286360025405883,0.3510704040527344,0.2058341056108474,-0.1174819841980934,0.2786890864372253,0.2534395158290863,-0.0937580168247222,0.6074588298797607,0.3090671598911285,0.046415876597166,0.4989083111286163,0.2254629731178283,0.022484803572297,0.407615602016449,0.21467886865139,0.0168442372232675,0.3398759961128235,0.2348523736000061,0.0252272523939609,C,1.83282428258334,True
C/C_sample_95.jpg,0.7499733567237854,0.2795198559761047,-1.1667932540149195e-06,0.6285263895988464,0.2611971795558929,0.0693519935011863,0.5021564960479736,0.234826847910881,0.0957100987434387,0.414986789226532,0.2350819408893585,0.1008644476532936,0.3431141376495361,0.253561407327652,0.1018998920917511,0.4728630781173706,0.1220342814922332,0.091389812529087,0.3328012228012085,0.1934166401624679,0.0775232538580894,0.253285139799118,0.2661024332046509,0.0555764660239219,0.2051186561584472,0.321741372346878,0.0409792810678482,0.4725353121757507,0.1064500510692596,0.0393176525831222,0.3213113844394684,0.2027850300073623,0.0348186790943145,0.2459961324930191,0.2833860218524933,0.0163081232458353,0.1948811113834381,0.3467621803283691,-0.001198548823595,0.4695806503295898,0.1288794577121734,-0.0132061233744025,0.3091116845607757,0.2100396007299423,-0.0217351950705051,0.2320028990507125,0.2905599176883697,-0.0286358315497636,0.1776788234710693,0.3519582450389862,-0.0360731519758701,0.4623594582080841,0.1840832084417343,-0.0612968318164348,0.3172143101692199,0.2324834316968917,-0.0704585760831832,0.247771218419075,0.2790668606758117,-0.067060612142086,0.1996496319770813,0.3190911412239074,-0.0646272003650665,C,3.158035258912469,True
C/C_sample_513.jpg,0.5880271792411804,0.8010091781616211,3.605157701258577e-07,0.5336794853210449,0.795000433921814,-0.1580080389976501,0.4981935024261474,0.7250727415084839,-0.2234019637107849,0.461801141500473,0.6409478783607483,-0.2597603499889374,0.4251357316970825,0.5603547692298889,-0.2838970720767975,0.6480108499526978,0.5613696575164795,-0.1489737033843994,0.6465762257575989,0.4140768647193908,-0.2092540562152862,0.5814565420150757,0.3634518384933471,-0.248752161860466,0.5104885101318359,0.3679724335670471,-0.2653437256813049,0.6356138586997986,0.53997403383255,-0.082336813211441,0.6558021306991577,0.3918769359588623,-0.1367215365171432,0.5907309055328369,0.3503273427486419,-0.1675927489995956,0.5295787453651428,0.3668187260627746,-0.1785584241151809,0.6099874377250671,0.5319623351097107,-0.0288607310503721,0.6165981292724609,0.4105970859527588,-0.0714536234736442,0.5670232176780701,0.3689741492271423,-0.097292773425579,0.520613968372345,0.3658280372619629,-0.1055659353733062,0.5794038772583008,0.5305512547492981,0.0124250473454594,0.5831751227378845,0.4383950531482696,-0.0175491627305746,0.5534027218818665,0.3934847712516784,-0.0357405990362167,0.5236128568649292,0.3815049529075622,-0.042666133493185,C,1.8395707247294117,True
C/C_sample_8.jpg,0.7173301577568054,0.7631371021270752,6.845776283626037e-07,0.614271879196167,0.8349622488021851,-0.1293197125196457,0.4548711478710174,0.8081631660461426,-0.1861196756362915,0.324872225522995,0.7457484602928162,-0.2046217173337936,0.2447102218866348,0.6743247509002686,-0.2168418169021606,0.6259685754776001,0.6372266411781311,-0.2652212381362915,0.510772705078125,0.5163967609405518,-0.3306102156639099,0.4025905728340149,0.4726285636425018,-0.3502327501773834,0.3141430020332336,0.4569664001464844,-0.3575428426265716,0.6261228322982788,0.5713828206062317,-0.2053867280483245,0.4855957627296448,0.45418381690979,-0.2654860615730285,0.3531278967857361,0.4316287636756897,-0.2666827440261841,0.2561527490615845,0.440253347158432,-0.2646576166152954,0.6019034385681152,0.5412154197692871,-0.1442474424839019,0.450949490070343,0.4562620222568512,-0.195556491613388,0.3384599089622497,0.4430953562259674,-0.2008659988641739,0.2611461579799652,0.4524033665657043,-0.1950625032186508,0.5627683401107788,0.5332754254341125,-0.0889816731214523,0.437847375869751,0.4779097437858581,-0.1288212835788726,0.3443778753280639,0.4626252055168152,-0.1424297392368316,0.2836137413978576,0.4642926454544067,-0.146201029419899,C,1.6588723303626776,True
C/C_sample_506.jpg,0.7318571209907532,0.7639632225036621,-3.288327263817337e-07,0.6209458708763123,0.8210827112197876,-0.1613745689392089,0.4976686537265777,0.7998842000961304,-0.2539134621620178,0.3710669875144958,0.7588129043579102,-0.3142504096031189,0.2515595257282257,0.7100687026977539,-0.3673702478408813,0.6343272924423218,0.5162029266357422,-0.2373356968164444,0.4834770560264587,0.3799106478691101,-0.2984807789325714,0.3705424070358276,0.3808386623859405,-0.3244355618953705,0.303806722164154,0.4188883602619171,-0.3333735167980194,0.6609693169593811,0.4723770916461944,-0.164987564086914,0.4705255031585693,0.3465404808521271,-0.2234060317277908,0.344601422548294,0.37874636054039,-0.2392160147428512,0.278116762638092,0.430349737405777,-0.2457403540611267,0.6568717956542969,0.4628891944885254,-0.0976669490337371,0.4735905528068542,0.334036111831665,-0.1502080708742141,0.3633102178573608,0.3763701319694519,-0.16580431163311,0.3032214939594269,0.4312130212783813,-0.1705567091703415,0.6287400126457214,0.4684737920761108,-0.0387430861592292,0.4859451651573181,0.3708739280700683,-0.0824903696775436,0.395033061504364,0.3880521059036255,-0.1007035151124,0.34434974193573,0.4263570308685303,-0.1082842871546745,C,1.4153835330555993,True
C/C_sample_499.jpg,0.7654392719268799,0.6995559334754944,1.170982272924448e-06,0.6976211667060852,0.7459709644317627,-0.2042054682970047,0.5579307675361633,0.7486311197280884,-0.2998212277889251,0.4092371463775635,0.7479726672172546,-0.3518939018249511,0.287066251039505,0.7222874760627747,-0.3969210088253021,0.638927161693573,0.4860168099403381,-0.278195858001709,0.4624914228916168,0.3784316182136535,-0.3683329820632934,0.3331189751625061,0.3251532912254333,-0.4227084815502167,0.2259039580821991,0.2923111319541931,-0.4548865258693695,0.6185529828071594,0.4712918996810913,-0.197009339928627,0.4459223449230194,0.3567981123924255,-0.2841300666332245,0.3027023077011108,0.3033932447433471,-0.3270992636680603,0.192026674747467,0.2680370509624481,-0.3513273000717163,0.5919654965400696,0.4746821224689483,-0.1251842081546783,0.4413664042949676,0.3785811066627502,-0.1959178894758224,0.3191028237342834,0.3323228359222412,-0.2304348945617675,0.2237448841333389,0.2984671592712402,-0.2456744909286499,0.5602369904518127,0.4847248196601867,-0.067299984395504,0.4528915286064148,0.4184406995773315,-0.1236999258399009,0.3720695376396179,0.3816080093383789,-0.1530297994613647,0.3078495860099792,0.3558055758476257,-0.167956456542015,C,1.6765317853643082,True
C/C_sample_428.jpg,0.8649901151657104,0.6865955591201782,5.399703013608814e-07,0.7550755739212036,0.74330073595047,-0.1259387731552124,0.6104953289031982,0.7325729727745056,-0.1719528585672378,0.4809901714324951,0.732713520526886,-0.1908912062644958,0.3698228001594543,0.7098182439804077,-0.1985614597797393,0.6430579423904419,0.4775519669055938,-0.1075327321887016,0.5280430316925049,0.3445765078067779,-0.1419088542461395,0.4180768132209778,0.327669084072113,-0.1631891131401062,0.33850958943367,0.3544798195362091,-0.1687562018632888,0.6454731822013855,0.4493644535541534,-0.0394168682396411,0.5179340839385986,0.3162137269973755,-0.0648195818066597,0.4003723859786987,0.312014102935791,-0.0779903456568718,0.3306710720062256,0.3527535200119018,-0.0805739015340805,0.6419463157653809,0.4404127299785614,0.0182276908308267,0.5237427949905396,0.3147963881492615,-0.0036377566866576,0.419865608215332,0.313420295715332,-0.0257010739296674,0.3496122062206268,0.3485194742679596,-0.031296357512474,0.6328288316726685,0.4413256049156189,0.0679595023393631,0.5290430188179016,0.3481920659542084,0.0537156164646148,0.4471050202846527,0.333212286233902,0.0380962081253528,0.3921790719032287,0.3473578691482544,0.0335924960672855,C,1.530065969531592,True
C/C_sample_370.jpg,0.745978832244873,0.7861090898513794,-5.847911097589531e-07,0.6218671798706055,0.7771790027618408,-0.1107473000884056,0.5102844834327698,0.7109693288803101,-0.149179607629776,0.417795717716217,0.6428077220916748,-0.1570373475551605,0.3638345301151275,0.579818844795227,-0.1521108299493789,0.6312029361724854,0.5202515721321106,-0.1334832906723022,0.509669303894043,0.3971569538116455,-0.1438926458358764,0.4248839020729065,0.4083635807037353,-0.1371643841266632,0.3734723031520843,0.4445119202136993,-0.1261600255966186,0.6713295578956604,0.4970137774944305,-0.0638991147279739,0.5358334183692932,0.3798784017562866,-0.0745155066251754,0.4475727677345276,0.3992015123367309,-0.0704409480094909,0.3994197845458984,0.4446392059326172,-0.0660917088389396,0.6803519129753113,0.4993353486061096,0.0032080505043268,0.5568529963493347,0.4043910503387451,-0.00657873833552,0.4819324314594269,0.4225721657276153,-0.0129494471475481,0.4355355501174927,0.4619030356407165,-0.0153469732031226,0.6738526225090027,0.5109642744064331,0.0646548047661781,0.5807822346687317,0.443300187587738,0.0539629384875297,0.5197768211364746,0.4487686455249786,0.0444209165871143,0.4772784411907196,0.4710662364959717,0.0406675450503826,C,0.9485131142932783,True
C/C_sample_238.jpg,0.7753859758377075,0.6407216787338257,1.106874492506904e-06,0.7208560705184937,0.66751629114151,-0.1078736037015914,0.6546660661697388,0.6680319309234619,-0.1724175661802292,0.5948616862297058,0.6640478372573853,-0.2219914048910141,0.5337418913841248,0.664636492729187,-0.2710128128528595,0.6294784545898438,0.460038810968399,-0.1267705410718917,0.5831125974655151,0.3647033870220184,-0.1852231174707412,0.5444651246070862,0.3029329180717468,-0.2328541129827499,0.5057635307312012,0.2509270310401916,-0.2660171091556549,0.6522424221038818,0.4240462481975555,-0.1041357889771461,0.6005989909172058,0.3103071451187134,-0.1595047116279602,0.5495907664299011,0.2414740324020385,-0.2012494504451751,0.500190794467926,0.1825690269470214,-0.2320741564035415,0.6767705082893372,0.4114507436752319,-0.0899142622947692,0.6237742900848389,0.3072113394737243,-0.138857364654541,0.5765102505683899,0.2454631924629211,-0.1669521182775497,0.5333113074302673,0.194902241230011,-0.1845602244138717,0.6962556838989258,0.4165499806404114,-0.0846209600567817,0.6506911516189575,0.3306812047958374,-0.1219912841916084,0.61143958568573,0.2756991982460022,-0.1402900665998459,0.5772932171821594,0.2310788333415985,-0.1532501727342605,C,1.1719978782851312,True
C/C_sample_577.jpg,0.8356361985206604,0.7271552085876465,6.66806386107055e-07,0.7385783195495605,0.7755785584449768,-0.1517097949981689,0.6048736572265625,0.7646787166595459,-0.2078783363103866,0.487143337726593,0.7448471784591675,-0.2256159633398056,0.3909882307052612,0.7122287154197693,-0.2260436117649078,0.6541589498519897,0.5313175320625305,-0.1774017065763473,0.5545087456703186,0.3774758577346802,-0.2226003557443618,0.4455635547637939,0.3671282231807709,-0.231907844543457,0.3739572167396545,0.4067026674747467,-0.2213221937417984,0.6557462811470032,0.5051920413970947,-0.0857271701097488,0.5439847707748413,0.3629412651062011,-0.1136965975165367,0.4312929511070251,0.3674082159996032,-0.0995915755629539,0.3740607500076294,0.4134432673454284,-0.07603420317173,0.6510182619094849,0.5013857483863831,-0.0027702716179192,0.5486606955528259,0.3872495889663696,-0.0315611436963081,0.4566002786159515,0.3893652558326721,-0.0329505801200866,0.4015767574310303,0.4203959107398987,-0.0165616404265165,0.6376490592956543,0.5067644715309143,0.0721857622265815,0.5547276735305786,0.4228962361812591,0.0550588928163051,0.4807860255241394,0.4119752645492553,0.0514334477484226,0.4366321563720703,0.4272928833961487,0.0612761937081813,C,1.4898089172410474,True
C/C_sample_361.jpg,0.7163345217704773,0.2977988123893738,-5.344339797375142e-07,0.5941025614738464,0.2812031507492065,0.0360967852175235,0.4529471695423126,0.2567239999771118,0.052295371890068,0.3469209969043731,0.2512514591217041,0.0550770349800586,0.262198805809021,0.2597850561141968,0.0559055916965007,0.4470736682415008,0.133952647447586,0.0603097863495349,0.3030117154121399,0.1736863851547241,0.0448485538363456,0.202610895037651,0.2164369821548462,0.0231582634150981,0.1212212145328521,0.2534342408180237,0.0047494983300566,0.443735659122467,0.1265981793403625,0.0228809956461191,0.2938565611839294,0.1808764487504959,0.0074897054582834,0.1976241171360016,0.2292085736989975,-0.0175235401839017,0.1142978966236114,0.2668843269348144,-0.0376244373619556,0.4375716149806976,0.1523803025484085,-0.0162201300263404,0.2818021476268768,0.1974475532770156,-0.0313212238252162,0.1857712119817733,0.2419705986976623,-0.0408586300909519,0.1010476350784301,0.2725469172000885,-0.048204481601715,0.4285664558410644,0.2075886726379394,-0.0539655275642871,0.2886924743652344,0.2269187420606613,-0.0682869479060173,0.2071751654148101,0.2449606508016586,-0.0688489601016044,0.1398342549800872,0.2555375397205353,-0.068426489830017,C,2.769976405676209,True
C/C_sample_215.jpg,0.5121607780456543,0.781435489654541,8.561629556425032e-07,0.5810619592666626,0.6701091527938843,-0.0391104444861412,0.6219812035560608,0.5154072046279907,-0.0570949986577034,0.6725855469703674,0.3994821608066559,-0.0787681266665458,0.6954074501991272,0.2948107123374939,-0.0996477007865905,0.4592812657356262,0.3903946876525879,0.0181984193623065,0.4495582580566406,0.2716668248176574,-0.0196846481412649,0.4738169014453888,0.2090974599123001,-0.0608808919787406,0.5074863433837891,0.1626705229282379,-0.0893390551209449,0.3984929025173187,0.4111716747283935,0.0073576606810092,0.3810928463935852,0.2792926430702209,-0.036561481654644,0.4195904731750488,0.2244250774383545,-0.0817710384726524,0.4762130379676819,0.1950658112764358,-0.1097966432571411,0.3425039947032928,0.452255368232727,-0.0145028047263622,0.3182448148727417,0.3195856809616089,-0.0600057169795036,0.3565752506256103,0.2615630626678467,-0.0927281081676483,0.4151988923549652,0.2301342785358429,-0.1103061363101005,0.2930909991264343,0.5123825073242188,-0.0417165420949459,0.2799462080001831,0.4002742767333984,-0.0824049860239029,0.3073465824127197,0.3325268030166626,-0.1043648719787597,0.3552600741386413,0.2804985642433166,-0.1165558919310569,C,1.9378795728776244,True
C/C_sample_35.jpg,0.7829837203025818,0.6194327473640442,5.2853568632826864e-08,0.7969828844070435,0.5975364446640015,-0.0895485132932663,0.7502214908599854,0.5505395531654358,-0.1265972256660461,0.6547224521636963,0.5245811343193054,-0.147632896900177,0.5811214447021484,0.5001918077468872,-0.1648188382387161,0.7809634804725647,0.4245516359806061,-0.0837350115180015,0.7122030258178711,0.3526628911495209,-0.1249207705259323,0.6532449722290039,0.3254157304763794,-0.1595129072666168,0.5970883369445801,0.3140518069267273,-0.182704746723175,0.7293099761009216,0.4310661554336548,-0.0556029677391052,0.6659824848175049,0.3672413825988769,-0.0922130942344665,0.6117284893989563,0.3374601006507873,-0.1254264563322067,0.5636612176895142,0.3208337426185608,-0.148698627948761,0.6859525442123413,0.4491512775421142,-0.0356247648596763,0.6292287111282349,0.386293888092041,-0.0681471899151802,0.5866686105728149,0.3563382625579834,-0.0932516381144523,0.5456081628799438,0.3345564007759094,-0.1090679168701171,0.6526943445205688,0.4739839136600494,-0.0228741094470024,0.6105101108551025,0.4190693199634552,-0.0510387308895587,0.5828611850738525,0.3885503709316253,-0.0677109435200691,0.5559213161468506,0.3663672208786011,-0.0780623406171798,C,1.0937813852807923,True
C/C_sample_162.jpg,0.5880271792411804,0.8010091781616211,3.605157701258577e-07,0.5336794853210449,0.795000433921814,-0.1580080389976501,0.4981935024261474,0.7250727415084839,-0.2234019637107849,0.461801141500473,0.6409478783607483,-0.2597603499889374,0.4251357316970825,0.5603547692298889,-0.2838970720767975,0.6480108499526978,0.5613696575164795,-0.1489737033843994,0.6465762257575989,0.4140768647193908,-0.2092540562152862,0.5814565420150757,0.3634518384933471,-0.248752161860466,0.5104885101318359,0.3679724335670471,-0.2653437256813049,0.6356138586997986,0.53997403383255,-0.082336813211441,0.6558021306991577,0.3918769359588623,-0.1367215365171432,0.5907309055328369,0.3503273427486419,-0.1675927489995956,0.5295787453651428,0.3668187260627746,-0.1785584241151809,0.6099874377250671,0.5319623351097107,-0.0288607310503721,0.6165981292724609,0.4105970859527588,-0.0714536234736442,0.5670232176780701,0.3689741492271423,-0.097292773425579,0.520613968372345,0.3658280372619629,-0.1055659353733062,0.5794038772583008,0.5305512547492981,0.0124250473454594,0.5831751227378845,0.4383950531482696,-0.0175491627305746,0.5534027218818665,0.3934847712516784,-0.0357405990362167,0.5236128568649292,0.3815049529075622,-0.042666133493185,C,1.8395707247294117,True
C/C_sample_148.jpg,0.778321385383606,0.6634840965270996,9.472871056459552e-07,0.6752291321754456,0.6994653344154358,-0.0758040696382522,0.555626392364502,0.6883405447006226,-0.1126549616456031,0.4587323665618896,0.6864174604415894,-0.1335758119821548,0.384610652923584,0.6802918910980225,-0.1518673449754715,0.6064855456352234,0.4914061427116394,-0.0904700011014938,0.5560005307197571,0.3666775822639465,-0.1135910153388977,0.5042724013328552,0.3000101745128631,-0.1293775737285614,0.4591072797775268,0.2624650597572326,-0.1371750682592392,0.6488163471221924,0.4628693759441376,-0.0584753192961216,0.5909185409545898,0.3359350562095642,-0.0787627100944519,0.5291940569877625,0.2795115113258362,-0.0882289111614227,0.4772592186927795,0.2498766332864761,-0.092333972454071,0.6777870655059814,0.4542634189128876,-0.0293743554502725,0.6155277490615845,0.3452784121036529,-0.0407592803239822,0.561680257320404,0.2922179698944092,-0.0438334234058856,0.516414999961853,0.2612174153327942,-0.04278065264225,0.6933853626251221,0.461638480424881,-0.0058446987532079,0.6287858486175537,0.3778901696205139,-0.0146282538771629,0.5828300714492798,0.3316589891910553,-0.0126858158037066,0.5460270047187805,0.2994139790534973,-0.0073194135911762,C,0.8653087061548713,True
C/C_sample_570.jpg,0.6698344349861145,0.8867858052253723,-3.8019942394385e-07,0.588781476020813,0.8608765602111816,-0.201862946152687,0.4799112975597381,0.7595266103744507,-0.2763755023479461,0.3477900326251983,0.6761853694915771,-0.3090413510799408,0.2165136337280273,0.629035472869873,-0.3291007876396179,0.6667113304138184,0.506744384765625,-0.1742242127656936,0.5086567997932434,0.3502564430236816,-0.2316085249185562,0.3778314292430877,0.3464436531066894,-0.2852670848369598,0.2751227915287018,0.3789076209068298,-0.3173679709434509,0.6273470520973206,0.5095935463905334,-0.0798806846141815,0.4826917052268982,0.3655532300472259,-0.1303780972957611,0.3571271896362304,0.3577186167240143,-0.1877034455537796,0.2662059068679809,0.3901501595973968,-0.2285593450069427,0.5809984803199768,0.5334545373916626,-0.0002225743519375,0.4580290019512176,0.4079445004463196,-0.0388053134083747,0.357706069946289,0.3953828513622284,-0.0888980627059936,0.2773113250732422,0.4120795428752899,-0.1227001026272773,0.5351576805114746,0.5593855381011963,0.0645212829113006,0.4396620392799377,0.4668926894664764,0.029724521562457,0.3587337732315063,0.4463335573673248,-0.0074488040991127,0.294352114200592,0.4483498930931091,-0.0334731228649616,C,1.0015855891435055,True
C/C_sample_564.jpg,0.5880271792411804,0.8010091781616211,3.605157701258577e-07,0.5336794853210449,0.795000433921814,-0.1580080389976501,0.4981935024261474,0.7250727415084839,-0.2234019637107849,0.461801141500473,0.6409478783607483,-0.2597603499889374,0.4251357316970825,0.5603547692298889,-0.2838970720767975,0.6480108499526978,0.5613696575164795,-0.1489737033843994,0.6465762257575989,0.4140768647193908,-0.2092540562152862,0.5814565420150757,0.3634518384933471,-0.248752161860466,0.5104885101318359,0.3679724335670471,-0.2653437256813049,0.6356138586997986,0.53997403383255,-0.082336813211441,0.6558021306991577,0.3918769359588623,-0.1367215365171432,0.5907309055328369,0.3503273427486419,-0.1675927489995956,0.5295787453651428,0.3668187260627746,-0.1785584241151809,0.6099874377250671,0.5319623351097107,-0.0288607310503721,0.6165981292724609,0.4105970859527588,-0.0714536234736442,0.5670232176780701,0.3689741492271423,-0.097292773425579,0.520613968372345,0.3658280372619629,-0.1055659353733062,0.5794038772583008,0.5305512547492981,0.0124250473454594,0.5831751227378845,0.4383950531482696,-0.0175491627305746,0.5534027218818665,0.3934847712516784,-0.0357405990362167,0.5236128568649292,0.3815049529075622,-0.042666133493185,C,1.8395707247294117,True
C/C_sample_187.jpg,0.6681808233261108,0.3412853479385376,-1.1672759825387403e-07,0.5761812925338745,0.2653979659080505,-0.0595593526959419,0.4659897983074188,0.2149273008108139,-0.0720801427960395,0.3616242110729217,0.2222143411636352,-0.0729840993881225,0.2860064506530761,0.2501239776611328,-0.0719581618905067,0.4776032567024231,0.1607002019882202,-0.0232408512383699,0.347545862197876,0.1840696632862091,-0.0471501909196376,0.2645394802093506,0.2151777744293213,-0.0773108303546905,0.207900732755661,0.2428925186395645,-0.0976527407765388,0.4817111790180206,0.1990938633680343,0.00243408116512,0.3567666411399841,0.2311188876628875,-0.0149364415556192,0.2721278071403503,0.2666650414466858,-0.0477754361927509,0.2101123631000518,0.3035067915916443,-0.0733837410807609,0.4883660972118377,0.2391108870506286,0.0215559396892786,0.3774920403957367,0.2757879793643951,0.0068817534483969,0.3009064197540283,0.304948478937149,-0.017955832183361,0.2442539036273956,0.3323150277137756,-0.0367368943989276,0.4931286871433258,0.2864896953105926,0.0358008816838264,0.4135303199291229,0.3153733909130096,0.0224403515458107,0.3668722212314605,0.3366416096687317,0.0116454754024744,0.3327788710594177,0.3572100698947906,0.0042358259670436,C,2.5393536697478103,True
C/C_sample_227.jpg,0.7648420333862305,0.7233169078826904,-1.0993715449103548e-07,0.6359443664550781,0.7921586036682129,-0.170355886220932,0.4950437247753143,0.7662570476531982,-0.2609645128250122,0.3580345511436462,0.7203701734542847,-0.3178938925266266,0.2325546145439148,0.676699161529541,-0.3652606010437011,0.623015820980072,0.460873931646347,-0.2207925617694854,0.4690914154052734,0.3217689990997314,-0.281226098537445,0.350266695022583,0.32515949010849,-0.3089749217033386,0.2792891561985016,0.3698109984397888,-0.3168116211891174,0.6520296335220337,0.4191121160984039,-0.1427018642425537,0.459264874458313,0.2889962494373321,-0.1941096186637878,0.3235528171062469,0.320301204919815,-0.2060437947511673,0.2508070468902588,0.371745228767395,-0.206999123096466,0.6505014896392822,0.4128297567367553,-0.0726105421781539,0.4618376195430755,0.2853251099586487,-0.1209140345454216,0.3440618813037872,0.3247755169868469,-0.1326141208410263,0.279468834400177,0.3764669001102447,-0.1317404210567474,0.6264234185218811,0.4231626987457275,-0.0125523516908288,0.4760112166404724,0.320205420255661,-0.0529859401285648,0.3805049061775207,0.3340277075767517,-0.0658147558569908,0.3262134194374084,0.3696190416812897,-0.0667556896805763,C,1.4069528589783737,True
C/C_sample_409.jpg,0.7311168909072876,0.6236127018928528,1.5311380252569506e-07,0.7515312433242798,0.6305999159812927,-0.1264132112264633,0.7239819765090942,0.6101721525192261,-0.192905992269516,0.6555020809173584,0.5997686982154846,-0.2410472780466079,0.584891140460968,0.5652435421943665,-0.2857631146907806,0.7235187888145447,0.4268394112586975,-0.1382111012935638,0.6666640639305115,0.3310766220092773,-0.2078906446695327,0.6056516766548157,0.32491335272789,-0.2646942436695099,0.5522811412811279,0.3477406799793243,-0.2978663146495819,0.6711851358413696,0.427476167678833,-0.0998629182577133,0.6192998290061951,0.3254516124725342,-0.1676197350025177,0.5611511468887329,0.3255958557128906,-0.2276787161827087,0.5205870270729065,0.3602470755577087,-0.2645877599716186,0.6246969699859619,0.441643625497818,-0.0713938400149345,0.5799770355224609,0.3529679775238037,-0.1230354756116867,0.5321494340896606,0.3510387539863586,-0.1750528216361999,0.5038012266159058,0.3820895254611969,-0.2063478827476501,0.5897629857063293,0.4619629681110382,-0.0521997474133968,0.5555826425552368,0.3948831558227539,-0.0901301279664039,0.52141273021698,0.3776116967201233,-0.1255408525466919,0.49992835521698,0.3874643445014953,-0.1498928368091583,C,1.7092468537955394,True
C/C_sample_153.jpg,0.6142759919166565,0.8031051158905029,-4.155658075433166e-07,0.4742872416973114,0.8165440559387207,-0.1442890465259552,0.3321283161640167,0.7386834025382996,-0.2018225938081741,0.224289670586586,0.6489141583442688,-0.2196728289127349,0.1684211790561676,0.5643027424812317,-0.2253991216421127,0.5266445875167847,0.5461941361427307,-0.2062856405973434,0.3771398067474365,0.4130012094974518,-0.2375770360231399,0.2724186182022095,0.3885251879692077,-0.2414885312318802,0.1886220276355743,0.3970260918140411,-0.2375746518373489,0.5714577436447144,0.5034594535827637,-0.1263462156057357,0.396923303604126,0.3825483024120331,-0.1581539511680603,0.2804715633392334,0.370097815990448,-0.1603589802980423,0.1942857652902603,0.3942134976387024,-0.1588729321956634,0.5763043761253357,0.4857208132743835,-0.0484042391180992,0.4112684428691864,0.3907570242881775,-0.0761815756559372,0.31183922290802,0.3884662389755249,-0.0850226059556007,0.2384465634822845,0.4086321294307709,-0.0871067941188812,0.5588727593421936,0.4812744259834289,0.0221813973039388,0.4278293251991272,0.4188942909240722,-0.0082120038568973,0.3510791659355163,0.4174056053161621,-0.0239709708839654,0.2953923642635345,0.4281654953956604,-0.029120335355401,C,0.9350787647995409,True
C/C_sample_392.jpg,0.7020239233970642,0.7116073369979858,5.002577836421551e-07,0.5309808850288391,0.7313295602798462,-0.2106178551912307,0.3818206191062927,0.6643946766853333,-0.3020607829093933,0.2444359064102172,0.5928069353103638,-0.3365786373615265,0.1215554177761077,0.5153322219848633,-0.355195939540863,0.6356547474861145,0.403652548789978,-0.3120111525058746,0.6144024133682251,0.197713017463684,-0.3845283091068268,0.4975225329399109,0.1221102327108383,-0.4113248884677887,0.4094167649745941,0.1142859756946563,-0.4143240749835968,0.6663830280303955,0.3496187329292297,-0.1952521800994873,0.583358645439148,0.163681149482727,-0.2473840564489364,0.4238170087337494,0.126496210694313,-0.2492565363645553,0.3243556916713714,0.1477221846580505,-0.245641827583313,0.6608402729034424,0.3195869028568268,-0.0849618911743164,0.5543849468231201,0.1543890237808227,-0.1369053274393081,0.4218397438526153,0.1362990885972976,-0.159018337726593,0.3336206078529358,0.1562043875455856,-0.1631867885589599,0.6354072093963623,0.2985672354698181,0.0158896800130605,0.5362420082092285,0.1717981100082397,-0.0261155292391777,0.4351379573345184,0.145704835653305,-0.0481814853847026,0.3642232418060303,0.1625688076019287,-0.0548091791570186,C,1.2055140229051304,True
C/C_sample_231.jpg,0.7220515012741089,0.8028731346130371,-5.786342285318824e-07,0.6011252999305725,0.7847985029220581,-0.1124601885676384,0.4942476749420166,0.7050454616546631,-0.1456474959850311,0.4059489667415619,0.6250265836715698,-0.1471200436353683,0.3579650819301605,0.5561389327049255,-0.1356164813041687,0.6225627660751343,0.5257226824760437,-0.1183439716696739,0.5023929476737976,0.4073164463043213,-0.1220413818955421,0.4163882136344909,0.4165657162666321,-0.1157123893499374,0.3613486289978027,0.4471737742424011,-0.1062392145395279,0.6591018438339233,0.5077921748161316,-0.0451423972845077,0.5294149518013,0.3926637768745422,-0.0476659759879112,0.4406652450561523,0.407799482345581,-0.0448305644094944,0.3888278603553772,0.4509008228778839,-0.0424604341387748,0.6658071875572205,0.5150548219680786,0.0247181709855794,0.5486488938331604,0.4211621880531311,0.0207883100956678,0.4732075333595276,0.4344400465488434,0.0108773130923509,0.4234269261360168,0.4698838889598846,0.0053268079645931,0.6591848134994507,0.5298087000846863,0.0885848402976989,0.572920024394989,0.4618416726589203,0.0814112648367881,0.5123440623283386,0.4628868103027344,0.0697114616632461,0.4684798717498779,0.4820017516613006,0.063854694366455,C,0.9752204868261848,True
C/C_sample_230.jpg,0.7672075033187866,0.7193900942802429,2.3806450144547853e-08,0.6714619398117065,0.7452348470687866,-0.1982995569705963,0.5246316194534302,0.7119951248168945,-0.2707821726799011,0.3731880486011505,0.6710174083709717,-0.3028619289398193,0.2463457584381103,0.5941416025161743,-0.3225641548633575,0.6485161185264587,0.443205714225769,-0.141194611787796,0.4983798265457153,0.3375106453895569,-0.176661342382431,0.3831902146339416,0.3198497593402862,-0.2191269248723983,0.2897392809391022,0.3327553868293762,-0.2471937835216522,0.6375102996826172,0.4146195650100708,-0.0448773130774498,0.4958261847496032,0.3032109439373016,-0.0723611786961555,0.3765844106674194,0.2807077765464782,-0.1255373209714889,0.2815844714641571,0.2991638481616974,-0.1687272489070892,0.6176876425743103,0.4056715071201324,0.0351429544389247,0.4984494745731354,0.2938986718654632,0.0157250426709651,0.4025691449642181,0.2748566567897796,-0.0379783734679222,0.3189119696617126,0.28249192237854,-0.0791785642504692,0.5960328578948975,0.4041834771633148,0.1002375334501266,0.4961909055709839,0.3094225227832794,0.0815113484859466,0.4197218418121338,0.2773053050041199,0.0448338389396667,0.3564029633998871,0.2661343812942505,0.0152540802955627,C,1.223633953073805,True
C/C_sample_368.jpg,0.7063537836074829,0.625356137752533,-1.570209064993833e-07,0.6171799898147583,0.6484812498092651,-0.061890635639429,0.5130692720413208,0.6232629418373108,-0.0889962911605835,0.4308406114578247,0.5944534540176392,-0.1040335074067115,0.3694817721843719,0.5714357495307922,-0.1123780608177185,0.6072196364402771,0.4613832831382751,-0.0590570904314518,0.5545386075973511,0.3851068019866943,-0.0844539403915405,0.4956867396831512,0.3702297210693359,-0.1000636145472526,0.4479406476020813,0.378926932811737,-0.1068563461303711,0.6208952069282532,0.4325535893440246,-0.0374389700591564,0.5391292572021484,0.3430148363113403,-0.0664168447256088,0.463582694530487,0.3540540337562561,-0.0764215812087059,0.4147886037826538,0.3907082676887512,-0.0742881894111633,0.6217133402824402,0.4244440197944641,-0.0210653245449066,0.5357794165611267,0.3540201187133789,-0.0489169433712959,0.4690484404563904,0.3649230599403381,-0.0586564354598522,0.4216264486312866,0.3907997608184814,-0.0555011481046676,0.616706371307373,0.4299389123916626,-0.0085144452750682,0.5439614057540894,0.3787128627300262,-0.0287393946200609,0.4932688474655151,0.3779577612876892,-0.0348457694053649,0.4562123119831085,0.3900904059410095,-0.0322617180645465,C,1.0039345348940352,True
C/C_sample_340.jpg,0.6514674425125122,0.7750171422958374,8.369048600798124e-07,0.6897237300872803,0.6382287740707397,-0.0137385604903101,0.6827878355979919,0.5037366151809692,-0.045984461903572,0.7191472053527832,0.4027835428714752,-0.0888679474592208,0.7524951696395874,0.30118328332901,-0.1337978541851043,0.4347611963748932,0.430650919675827,-0.0241665486246347,0.3022055923938751,0.3217708766460418,-0.0855729654431343,0.3037051856517792,0.2211498618125915,-0.1306891143321991,0.337399959564209,0.1435291171073913,-0.1582562029361724,0.4123945236206054,0.4646422266960144,-0.0631883442401886,0.2659758627414703,0.3369122147560119,-0.1186693459749221,0.2894710600376129,0.220733031630516,-0.1526046693325042,0.3467504978179931,0.1423308551311493,-0.1731157898902893,0.4089377522468567,0.5137618780136108,-0.1102382317185401,0.2730733752250671,0.3816491961479187,-0.1626943796873092,0.2858700752258301,0.2600409090518951,-0.1857243329286575,0.326607346534729,0.1747938394546508,-0.1971349418163299,0.4275575280189514,0.5740096569061279,-0.1606785655021667,0.3167082667350769,0.4657961130142212,-0.2065523564815521,0.3075838387012481,0.3644119799137115,-0.2250984013080597,0.3259652853012085,0.2826181352138519,-0.2350161671638488,C,1.5059235044504842,True
C/C_sample_355.jpg,0.7126933336257935,0.8879262208938599,1.4161491890263278e-07,0.5961518883705139,0.8331441879272461,-0.1060936748981475,0.4728398025035858,0.7224873304367065,-0.1231650412082672,0.3774879872798919,0.6433669924736023,-0.1102968826889991,0.2978511452674866,0.5861011743545532,-0.0812563151121139,0.6528286933898926,0.5685181617736816,-0.0890396684408187,0.60039883852005,0.3848253786563873,-0.0956628024578094,0.5048037767410278,0.3714275956153869,-0.0858027338981628,0.4294307231903076,0.4013453125953674,-0.0684873089194297,0.6802316308021545,0.5661642551422119,-0.0166352689266204,0.6239960193634033,0.3897590339183807,-0.0159340556710958,0.5227925181388855,0.3746095299720764,-0.0011558862170204,0.4558755457401275,0.3999806940555572,0.0159298330545425,0.6827584505081177,0.5790278911590576,0.0487465895712375,0.6257419586181641,0.4327133893966675,0.0514701940119266,0.5463939905166626,0.4120184183120727,0.0562412813305854,0.4888031184673309,0.4224946796894073,0.0682441666722297,0.6704421043395996,0.5909740328788757,0.1070388182997703,0.627091109752655,0.474884569644928,0.1139512434601783,0.5635843873023987,0.4423165619373321,0.1168872267007827,0.5213800072669983,0.4422480463981628,0.125480368733406,C,1.2000283371654008,True
C/C_sample_545.jpg,0.8286117911338806,0.6789225935935974,5.011144139643875e-07,0.7192474007606506,0.7327607870101929,-0.1314550936222076,0.5811797380447388,0.7135426998138428,-0.1868765503168106,0.4583970606327057,0.70110023021698,-0.2133510857820511,0.357171893119812,0.677775502204895,-0.2283648252487182,0.6387569904327393,0.4751476645469665,-0.1490126997232437,0.5327664017677307,0.3277950286865234,-0.197881281375885,0.4203599095344543,0.3132850527763366,-0.2223991602659225,0.3394967019557953,0.3411900997161865,-0.2277445793151855,0.6462035179138184,0.4482463300228119,-0.0793031826615333,0.5198309421539307,0.3099090456962585,-0.1188822984695434,0.3982842862606048,0.3097322583198547,-0.1301372945308685,0.3281438946723938,0.3485840559005737,-0.12959885597229,0.6441797018051147,0.4431143403053283,-0.0177503060549497,0.5321469306945801,0.3201586902141571,-0.0484493039548397,0.4266241192817688,0.3198090195655823,-0.0654951483011245,0.3588349819183349,0.3510032594203949,-0.0671106055378913,0.6317009329795837,0.4514325559139251,0.0358725562691688,0.5417068600654602,0.3613092601299286,0.0164359100162982,0.462121307849884,0.3447223305702209,0.0029438640922307,0.4114084839820862,0.3553480803966522,0.0002907793095801,C,1.383629946046677,True
C/C_sample_183.jpg,0.8350639343261719,0.7111585140228271,2.0271744460842458e-07,0.7073771953582764,0.7465304136276245,-0.1386621296405792,0.5648174285888672,0.7018994688987732,-0.1926815658807754,0.4416542053222656,0.6646138429641724,-0.2120112180709839,0.3359603583812713,0.6431717872619629,-0.2167468518018722,0.6737269163131714,0.4800633788108825,-0.1639097034931183,0.5616299510002136,0.3338918089866638,-0.1975986808538437,0.4492457509040832,0.3449236154556274,-0.2008568048477172,0.383635550737381,0.3931237459182739,-0.1892603188753128,0.7178583741188049,0.4455880224704742,-0.0839122161269187,0.5804192423820496,0.3049632310867309,-0.1107783019542694,0.4638029336929321,0.3333360254764557,-0.0977687016129493,0.4068222343921661,0.3829532265663147,-0.0780355557799339,0.7294533848762512,0.4430219233036041,-0.0109474742785096,0.5947308540344238,0.3340901136398315,-0.0383250415325164,0.4937970638275146,0.3527396917343139,-0.036660224199295,0.4384304285049438,0.3902180790901184,-0.0230539198964834,0.7223667502403259,0.4477070271968841,0.0547482185065746,0.6093624234199524,0.3646231889724731,0.0358973518013954,0.5265229940414429,0.3707601428031921,0.0345409326255321,0.4801218509674072,0.398976594209671,0.0426100194454193,C,1.2353689851835419,True
C/C_sample_168.jpg,0.8300185203552246,0.5891172289848328,9.998448149417527e-07,0.6966586112976074,0.6845430135726929,-0.2405981570482254,0.5451908707618713,0.7085936665534973,-0.3664508163928985,0.4051179885864258,0.7176404595375061,-0.4218300282955169,0.2646512687206268,0.6941149234771729,-0.4618451297283172,0.6334545612335205,0.4076685309410095,-0.4672601521015167,0.4735232293605804,0.2766628265380859,-0.5791859030723572,0.3292698264122009,0.2533609569072723,-0.6109870672225952,0.2240960001945495,0.275208979845047,-0.6091082096099854,0.6453090310096741,0.3346030712127685,-0.3310097455978393,0.469028890132904,0.1851771026849746,-0.4319468140602112,0.3172611594200134,0.1941685676574707,-0.4283144176006317,0.2296081483364105,0.2530400454998016,-0.4096111357212066,0.6361575722694397,0.303562581539154,-0.1916411221027374,0.4798155725002289,0.1868176460266113,-0.2775842249393463,0.3524617850780487,0.1959343254566192,-0.290408581495285,0.2702826261520386,0.2405271679162979,-0.2791530787944793,0.6149251461029053,0.2989391684532165,-0.060280218720436,0.4992334842681885,0.2133662700653076,-0.1206510737538337,0.4027120471000671,0.2020447552204132,-0.1412386894226074,0.3299428224563598,0.2239292711019516,-0.1427719295024871,C,2.007847683904576,True
C/C_sample_127.jpg,0.7080464959144592,0.2043182849884033,-1.0575557780612144e-06,0.7363684177398682,0.2513224482536316,-0.101893275976181,0.8040248155593872,0.2905783951282501,-0.1962623000144958,0.8690890669822693,0.3257114887237549,-0.2678374946117401,0.8956860899925232,0.3257488906383514,-0.3416353762149811,0.6578837633132935,0.2741922736167907,-0.3414878249168396,0.597846269607544,0.3100370764732361,-0.4584406316280365,0.5226964950561523,0.366956889629364,-0.5167469382286072,0.4604810774326324,0.3964962959289551,-0.5530877113342285,0.6351518034934998,0.2548533380031585,-0.3281616270542145,0.5745419859886169,0.2974343001842499,-0.4581676423549652,0.4897425174713135,0.3716091513633728,-0.5008135437965393,0.4418650567531585,0.3905733227729797,-0.5387497544288635,0.6490863561630249,0.2371336370706558,-0.3068802058696747,0.6333416700363159,0.2742616534233093,-0.404929518699646,0.5747699737548828,0.3193153440952301,-0.4238586723804474,0.5210191011428833,0.3264083564281463,-0.4423673152923584,0.6794315576553345,0.2248799055814743,-0.2892193794250488,0.7254505753517151,0.264017254114151,-0.3519163429737091,0.7226986289024353,0.3087217807769775,-0.3729667067527771,0.706040620803833,0.3208647668361664,-0.3993237912654876,C,4.339502933453123,True
C/C_sample_287.jpg,0.6408828496932983,0.2364549338817596,-4.139780287459871e-07,0.5670716762542725,0.2039184719324112,-0.0378394201397895,0.4832270741462707,0.1950929462909698,-0.0463832914829254,0.4158612191677093,0.2238485962152481,-0.0513546802103519,0.3797709941864013,0.2574757039546966,-0.0502623617649078,0.443921834230423,0.1782725900411605,0.0075301988981664,0.3772924542427063,0.2377549558877945,-0.0224468223750591,0.4123298525810241,0.2397930920124054,-0.0446712002158165,0.4496813416481018,0.2213460505008697,-0.0527271479368209,0.462911307811737,0.2108021676540374,0.0215145926922559,0.4151099622249603,0.2655217945575714,-0.0080909794196486,0.4556400179862976,0.2596518099308014,-0.0290767364203929,0.4877212941646576,0.2420886754989624,-0.0345705337822437,0.4876220822334289,0.2405833154916763,0.0281436964869499,0.4590002298355102,0.2850502729415893,-0.0014510873006656,0.4937200546264648,0.2731270790100097,-0.00807102676481,0.5188302993774414,0.2539888620376587,-0.0029495400376617,0.5171153545379639,0.2655507624149322,0.0320514626801013,0.4883257448673248,0.2998142540454864,0.0141166830435395,0.517057478427887,0.2882383167743683,0.0163704957813024,0.5431508421897888,0.2703727781772613,0.0259436536580324,C,3.4073503282707773,True
C/C_sample_65.jpg,0.7114923596382141,0.6671352386474609,-2.0068025463615413e-08,0.5978899598121643,0.6874231100082397,-0.0799546018242836,0.4543118774890899,0.6492294669151306,-0.119374930858612,0.34336918592453,0.6110741496086121,-0.1467555612325668,0.2574391961097717,0.573989987373352,-0.1654988229274749,0.582985520362854,0.4208365678787231,-0.074467085301876,0.5124909281730652,0.2968724370002746,-0.1207896023988723,0.4189664125442505,0.2760373651981354,-0.1505608111619949,0.3439987301826477,0.2966981530189514,-0.162493348121643,0.6094638109207153,0.3889380395412445,-0.0534584671258926,0.5059849619865417,0.2550041675567627,-0.0984248742461204,0.3954697251319885,0.257556140422821,-0.1138599067926406,0.3234906792640686,0.297663539648056,-0.1125345677137374,0.6198003888130188,0.3786147236824035,-0.0417547672986984,0.5124295353889465,0.2556936144828796,-0.0841689780354499,0.4118237197399139,0.2612377405166626,-0.0942579582333564,0.3431906104087829,0.2958379089832306,-0.0871628001332283,0.622643232345581,0.3825915455818176,-0.0362876430153846,0.5263968706130981,0.2859572172164917,-0.0697686225175857,0.4514446854591369,0.2751249074935913,-0.0783031806349754,0.3993684649467468,0.2913587987422943,-0.0735355541110038,C,0.7683449607633479,True
C/C_sample_481.jpg,0.7765321731567383,0.724549412727356,7.245024846724847e-08,0.6405590772628784,0.7868574857711792,-0.1574374288320541,0.4940549433231354,0.735666036605835,-0.2256173342466354,0.3829050660133362,0.6391986012458801,-0.2515337169170379,0.2832660377025604,0.5712848901748657,-0.2647083699703216,0.6548730134963989,0.5002803206443787,-0.240919679403305,0.4899675846099853,0.3610666394233703,-0.2867220044136047,0.3688481748104095,0.3546290397644043,-0.2899755537509918,0.287794291973114,0.3802588582038879,-0.2801042199134826,0.6943198442459106,0.4454728364944458,-0.1571828573942184,0.5078378915786743,0.3048088550567627,-0.2056197971105575,0.3750389218330383,0.3223594427108764,-0.1962728649377823,0.2944122850894928,0.3648335337638855,-0.1793074309825897,0.6953524947166443,0.4291010797023773,-0.0766484066843986,0.5305789113044739,0.3152552545070648,-0.1219797655940055,0.4112984538078308,0.327698290348053,-0.1251293122768402,0.3344587087631225,0.3567193150520324,-0.1159517616033554,0.67366623878479,0.4262707829475403,-0.0029010616708546,0.5402344465255737,0.3469849228858948,-0.0363647900521755,0.4507056176662445,0.3472216129302978,-0.0442362539470195,0.3931085467338562,0.362112820148468,-0.0418822690844535,C,1.232119453288533,True
C/C_sample_318.jpg,0.7952397465705872,0.7134078741073608,2.973478387957585e-07,0.6424586176872253,0.799842119216919,-0.2047408819198608,0.461234301328659,0.7546093463897705,-0.2978233993053436,0.3130678236484527,0.648249626159668,-0.3355253338813782,0.1936959028244018,0.5643304586410522,-0.3569165170192718,0.658348798751831,0.4551168978214264,-0.3284165561199188,0.4484801292419433,0.283413827419281,-0.3907514214515686,0.2958706021308899,0.2718926072120666,-0.3911325931549072,0.1974815726280212,0.3164903521537781,-0.3754712045192718,0.6935443878173828,0.383021742105484,-0.2209745794534683,0.4537544250488281,0.2224593162536621,-0.2843289375305176,0.2927787899971008,0.2365491837263107,-0.2718960344791412,0.1921261847019195,0.2923234701156616,-0.250936895608902,0.68743497133255,0.3587972223758697,-0.1166059076786041,0.4740344583988189,0.2355985939502716,-0.1732441782951355,0.3329317271709442,0.2488030791282653,-0.174098327755928,0.2418100237846374,0.2950460016727447,-0.1613336056470871,0.655564546585083,0.3534078299999237,-0.0217698663473129,0.4916672706604004,0.2749747633934021,-0.0695041418075561,0.3808164596557617,0.2752114832401275,-0.0831136628985405,0.3034247159957886,0.2995585203170776,-0.0819773823022842,C,1.392065485987047,True
C/C_sample_126.jpg,0.763235330581665,0.778968334197998,2.8837189347541425e-07,0.5800787806510925,0.8068084716796875,-0.152543231844902,0.421064019203186,0.7476346492767334,-0.2072466313838958,0.3153949677944183,0.6702142953872681,-0.204315960407257,0.2685555517673492,0.5773893594741821,-0.1755948364734649,0.5706221461296082,0.5028514266014099,-0.2949467897415161,0.505852997303009,0.2923657298088074,-0.3128649592399597,0.3970073759555816,0.2470090091228485,-0.2558154761791229,0.3332147002220154,0.2649606466293335,-0.1934139430522918,0.6472498774528503,0.4581838846206665,-0.1794391721487045,0.5567474365234375,0.2290340363979339,-0.2126287370920181,0.4286321103572845,0.2060046792030334,-0.1491364687681198,0.3619974851608276,0.2454716861248016,-0.0812029093503952,0.6831421852111816,0.4420728385448456,-0.0584386028349399,0.5949386358261108,0.261568546295166,-0.0815871953964233,0.4786371290683746,0.238925889134407,-0.0441514179110527,0.4045062363147735,0.2625266313552856,0.003961176611483,0.6857840418815613,0.4436266124248504,0.058362103998661,0.6135058403015137,0.3188812732696533,0.0446868725121021,0.5306795239448547,0.2815337479114532,0.0498768240213394,0.4682191908359527,0.2854192554950714,0.0707840099930763,C,1.0233952160379074,True
C/C_sample_468.jpg,0.76254802942276,0.6210956573486328,-2.104943597203146e-08,0.7682987451553345,0.6013860702514648,-0.0881332904100418,0.7247610092163086,0.5493547916412354,-0.1242789626121521,0.6342630386352539,0.5142630338668823,-0.1440673321485519,0.5653823614120483,0.482980728149414,-0.1593998521566391,0.7668670415878296,0.4322338402271271,-0.0799614638090133,0.6976063847541809,0.3581883907318115,-0.1204974353313446,0.6406079530715942,0.3314747214317322,-0.1561176776885986,0.5851659178733826,0.3184637427330017,-0.1798736155033111,0.7149285078048706,0.4357460737228393,-0.0518082566559314,0.650440514087677,0.3706159591674804,-0.0865269601345062,0.5987969040870667,0.3420867025852203,-0.1205174922943115,0.5517394542694092,0.3238353729248047,-0.1449640095233917,0.6697849631309509,0.4503200054168701,-0.0317820571362972,0.6133020520210266,0.3873958885669708,-0.0625749006867408,0.5734034180641174,0.3590755462646484,-0.0874726176261901,0.5339154005050659,0.3349914252758026,-0.1037824749946594,0.6360686421394348,0.472029447555542,-0.0188742391765117,0.5937628149986267,0.4190677106380462,-0.0451740883290767,0.568185567855835,0.391650378704071,-0.0601454488933086,0.5432596802711487,0.3693156838417053,-0.0697989985346794,C,1.0740026517830372,True
C/C_sample_521.jpg,0.8927273154258728,0.6760423183441162,1.9642625659344048e-07,0.7492336630821228,0.7058765888214111,-0.1425295323133468,0.5640744566917419,0.6772574782371521,-0.1876308917999267,0.3960928320884704,0.6614696979522705,-0.2009943425655365,0.2577774226665497,0.6638352870941162,-0.2023589313030243,0.709784209728241,0.3690886795520782,-0.1085923686623573,0.5427623391151428,0.2547310292720794,-0.128653272986412,0.4097001552581787,0.2434160560369491,-0.1457014977931976,0.3046994805335998,0.2636562585830688,-0.1554758995771408,0.7042452096939087,0.3500221371650696,-0.035445962101221,0.5246054530143738,0.2428006678819656,-0.0600999556481838,0.3788393139839172,0.2593822181224823,-0.0802246183156967,0.2787351012229919,0.2951127290725708,-0.0905813500285148,0.6935492753982544,0.3552728593349457,0.0274398829787969,0.5142131447792053,0.2703693211078644,0.0040490208193659,0.388052225112915,0.2821871340274811,-0.0242142844945192,0.3004570603370666,0.3100795745849609,-0.0375057905912399,0.6733812093734741,0.3625449240207672,0.0810296908020973,0.5255798697471619,0.3010251224040985,0.0616039521992206,0.4203525185585022,0.3079582452774048,0.0423143617808818,0.3491315841674804,0.3233141303062439,0.0328639112412929,C,1.4181631292690617,True
C/C_sample_119.jpg,0.7615353465080261,0.6273581981658936,-4.625997718221697e-08,0.765373706817627,0.6073853969573975,-0.0859647616744041,0.7189933657646179,0.5552489161491394,-0.1188694238662719,0.6288420557975769,0.5193957686424255,-0.135866567492485,0.5593439936637878,0.4907907247543335,-0.1479673385620117,0.7675517797470093,0.4346224665641784,-0.0727328509092331,0.6961066722869873,0.3598323464393616,-0.1113062798976898,0.6371986269950867,0.3332182765007019,-0.1455262005329132,0.5812951326370239,0.3233797550201416,-0.1681189537048339,0.7150387763977051,0.4375316202640533,-0.0446557067334651,0.6507543921470642,0.3718163669109344,-0.0779621005058288,0.596832811832428,0.3432799875736236,-0.1104320883750915,0.5483711957931519,0.3294171690940857,-0.1331822872161865,0.66913241147995,0.4513161778450012,-0.0250320266932249,0.6120268702507019,0.3874649405479431,-0.053945243358612,0.5709519982337952,0.359068214893341,-0.0777557641267776,0.5308958292007446,0.3386268615722656,-0.0928539484739303,0.6349939703941345,0.4722535908222198,-0.0125979958102107,0.5908250212669373,0.4172574877738952,-0.0372444130480289,0.5640335083007812,0.3886431157588959,-0.0517339594662189,0.5387506484985352,0.3678452372550964,-0.0606988109648227,C,1.0159631228561883,True
C/C_sample_445.jpg,0.7160881757736206,0.771519660949707,-3.5006661391889793e-07,0.5980607867240906,0.7731044888496399,-0.127135768532753,0.4828271567821502,0.7202707529067993,-0.1785822659730911,0.379057765007019,0.6636719703674316,-0.1969717592000961,0.3152503967285156,0.6015361547470093,-0.2022956013679504,0.6005613803863525,0.5114272236824036,-0.1561488658189773,0.4740100502967834,0.3867338001728058,-0.1776599586009979,0.3831855058670044,0.3912214338779449,-0.1769332736730575,0.32723268866539,0.4275313317775726,-0.1671207100152969,0.6364811658859253,0.4814300239086151,-0.0789415761828422,0.4957424998283386,0.3633421957492828,-0.0978680849075317,0.4015397429466247,0.3796843886375427,-0.0944783315062522,0.3479090929031372,0.426616370677948,-0.08787202835083,0.643425464630127,0.4795590043067932,-0.0053918743506073,0.5180285573005676,0.3847758769989013,-0.0208310037851333,0.4355867207050323,0.3969853520393371,-0.0265511814504861,0.38202765583992,0.432351142168045,-0.0261766035109758,0.6339071393013,0.4886743426322937,0.0615256391465663,0.5352667570114136,0.4210282862186432,0.049276553094387,0.4723042249679565,0.4244596660137176,0.0414440669119358,0.4279414415359497,0.4450792670249939,0.0402590669691562,C,1.0167242838033421,True
C/C_sample_134.jpg,0.8602480292320251,0.6184681057929993,5.928653195041989e-07,0.7526180744171143,0.6858831644058228,-0.1661011576652526,0.6290234327316284,0.6846069097518921,-0.2620479762554168,0.5062448978424072,0.6641888618469238,-0.3203370273113251,0.3839523792266845,0.6510956287384033,-0.3680841326713562,0.691532552242279,0.4042854309082031,-0.2583193778991699,0.5951861143112183,0.2276903092861175,-0.3223552107810974,0.4790745675563812,0.1983772814273834,-0.3428300619125366,0.3998094797134399,0.2162385582923889,-0.3428000509738922,0.7270025610923767,0.3483319580554962,-0.1747865229845047,0.60564786195755,0.1637850552797317,-0.2422985881567001,0.4787542223930359,0.1588090509176254,-0.2482916861772537,0.4040679335594177,0.2030382752418518,-0.2391057610511779,0.7355360984802246,0.331695556640625,-0.0937000960111618,0.6253213286399841,0.187304213643074,-0.1413943320512771,0.510284960269928,0.175319418311119,-0.1534871459007263,0.4311600923538208,0.2066365480422973,-0.150160327553749,0.7220288515090942,0.3330037295818329,-0.0209803376346826,0.6290429830551147,0.2333479225635528,-0.0484653040766716,0.5443856120109558,0.2104678899049759,-0.0594021007418632,0.4796427488327026,0.2209143638610839,-0.0599151141941547,C,1.3522522511173893,True
C/C_sample_532.jpg,0.8841738700866699,0.7993234992027283,-3.941195814149978e-08,0.717278003692627,0.8304629921913147,-0.2580329775810241,0.517452597618103,0.7364299297332764,-0.3807086944580078,0.3529200255870819,0.6294606924057007,-0.4337870478630066,0.2290230691432953,0.5298959612846375,-0.4725480675697326,0.791180431842804,0.5137068033218384,-0.4514847099781036,0.6909478902816772,0.3053442537784576,-0.5639312267303467,0.5746883153915405,0.2062766253948211,-0.6056535840034485,0.4602228999137878,0.1603928506374359,-0.6193034052848816,0.8310642838478088,0.4455119967460632,-0.3190847635269165,0.6391527652740479,0.2529006600379944,-0.4116457998752594,0.4549639225006103,0.2214933931827545,-0.4168422818183899,0.3270692825317383,0.2466248124837875,-0.413437157869339,0.8209455609321594,0.4056219756603241,-0.1899424940347671,0.6245160698890686,0.2369961887598037,-0.2895777821540832,0.4496865570545196,0.2235784530639648,-0.3149277865886688,0.3288978338241577,0.2403696030378341,-0.3175038695335388,0.7880261540412903,0.3884918391704559,-0.0705397352576255,0.6260199546813965,0.2702106535434723,-0.1600154787302017,0.4804812371730804,0.2446110248565673,-0.1946500837802887,0.3718992471694946,0.2504239678382873,-0.2059269845485687,C,1.4563792849232098,True
C/C_sample_297.jpg,0.8766351938247681,0.7863163948059082,4.094213181815576e-07,0.7366973161697388,0.8071598410606384,-0.2802402675151825,0.5410459041595459,0.7110341787338257,-0.4057895839214325,0.3696072995662689,0.6180760860443115,-0.4565727114677429,0.2237558662891388,0.5439451932907104,-0.4917759895324707,0.8013186454772949,0.4733967185020447,-0.4487452507019043,0.7143242359161377,0.2514880895614624,-0.5577456951141357,0.5785253047943115,0.1720965951681137,-0.5975266695022583,0.4597833156585693,0.1508017182350158,-0.6081909537315369,0.8254560828208923,0.4184854030609131,-0.303032249212265,0.6715309619903564,0.2222140878438949,-0.3969984650611877,0.4823508262634277,0.1787848770618438,-0.4090732038021087,0.3512263894081116,0.194206416606903,-0.4096354246139526,0.810437798500061,0.3927052021026611,-0.1637628823518753,0.6640103459358215,0.2273971289396286,-0.2635796070098877,0.4955684542655945,0.200908362865448,-0.3008874356746673,0.3751879632472992,0.2113824486732483,-0.3104252815246582,0.7870060205459595,0.3815532326698303,-0.035133309662342,0.662595272064209,0.2691825032234192,-0.1158932223916053,0.5366180539131165,0.2362023144960403,-0.1526804715394973,0.4370936453342438,0.2382724583148956,-0.1676926761865615,C,1.4414834347848353,True
C/C_sample_282.jpg,0.7870801687240601,0.7536594867706299,1.4323131836135872e-06,0.6634960770606995,0.8088966608047485,-0.177713006734848,0.5363057255744934,0.7619423270225525,-0.2560546100139618,0.4074180424213409,0.6963929533958435,-0.3034234046936035,0.3004873692989349,0.6267756819725037,-0.3438459634780884,0.6924564838409424,0.4764941930770874,-0.1942622810602188,0.584458589553833,0.314249575138092,-0.2703596949577331,0.442195862531662,0.2265451848506927,-0.3186790645122528,0.328486680984497,0.1871635615825653,-0.3484769761562347,0.6939229965209961,0.4476515054702759,-0.1347815841436386,0.5713284611701965,0.2842094898223877,-0.2059039771556854,0.4114523530006408,0.217218667268753,-0.2425592690706253,0.2846628427505493,0.1849150359630584,-0.2655236423015594,0.6848528385162354,0.4316937625408172,-0.0898340493440628,0.5611475706100464,0.2716779410839081,-0.1585895866155624,0.4174596965312958,0.2116007804870605,-0.1961776465177536,0.3022440373897552,0.18887659907341,-0.2125622928142547,0.6618682146072388,0.4304158091545105,-0.0594332292675972,0.5620564222335815,0.2985472977161407,-0.1281590759754181,0.4509998559951782,0.2328680455684662,-0.1711977124214172,0.3587282299995422,0.2014573514461517,-0.1943022459745407,C,0.968952518866306,True
C/C_sample_269.jpg,0.6308296322822571,0.7791996002197266,1.254829840036109e-06,0.5874733924865723,0.6551581025123596,-0.1145844608545303,0.4644016623497009,0.5457078218460083,-0.150168776512146,0.3439325392246246,0.4480288922786712,-0.1474801152944564,0.2779526114463806,0.3847962021827698,-0.1398797631263733,0.5090961456298828,0.6708508729934692,-0.1677708178758621,0.4763664007186889,0.4376548230648041,-0.1774230748414993,0.4265024960041046,0.315445601940155,-0.1873657256364822,0.3852368295192718,0.2321409285068512,-0.196433275938034,0.5092840194702148,0.747877836227417,-0.0945531353354454,0.4563994705677032,0.5224529504776001,-0.0893797725439071,0.4229316711425781,0.4185933470726013,-0.0879651680588722,0.397618681192398,0.3555234968662262,-0.1018098816275596,0.4918842315673828,0.806381106376648,-0.0186327006667852,0.3941251635551452,0.6569115519523621,-0.0256578270345926,0.3420617580413818,0.5836889743804932,-0.0262596160173416,0.3187759518623352,0.5422013401985168,-0.0314523354172706,0.4589812755584717,0.8428391814231873,0.0526716075837612,0.3211956918239593,0.753166913986206,0.0396493524312973,0.2696541547775268,0.6905657052993774,0.0444893352687358,0.2391882538795471,0.6489824652671814,0.046418085694313,C,1.898898954247273,True
C/C_sample_309.jpg,0.7678095102310181,0.7163506150245667,1.6148707926433303e-09,0.6487987041473389,0.7680895328521729,-0.1418001353740692,0.5213752388954163,0.7269415855407715,-0.2036493122577667,0.4157889485359192,0.6480239629745483,-0.2285018414258957,0.3242982625961303,0.586643397808075,-0.2417542785406112,0.6552464962005615,0.5035812854766846,-0.2088672965764999,0.4994526207447052,0.3892716765403747,-0.2485866844654083,0.3912991881370544,0.3938516974449157,-0.2536997497081756,0.3185397386550903,0.423552930355072,-0.2473746091127395,0.6843878626823425,0.4574899673461914,-0.1348885148763656,0.5141973495483398,0.3381843864917755,-0.1790683716535568,0.3980516195297241,0.3568254709243774,-0.1759074479341507,0.3250710666179657,0.3972491919994354,-0.1648952811956405,0.6817123889923096,0.4479510188102722,-0.06376563757658,0.530366063117981,0.3523639440536499,-0.102946862578392,0.4257610142230987,0.3666100800037384,-0.1061470508575439,0.3556933403015136,0.3970162868499756,-0.0986541882157325,0.6591454744338989,0.4514943063259125,0.0003822827129624,0.5371233820915222,0.3856489062309265,-0.0310537591576576,0.4554462730884552,0.3905168175697326,-0.0403156541287899,0.3980743288993835,0.4067953526973724,-0.0394616723060607,C,1.2811289435077677,True
